[[{"location":"C:\\Users\\adm-bgsstnv\\workspace\\AbvEmailsSendingTests\\libs\\selenium-java-2.44.0.jar","type":"JAR","hints":{}},"ABSENT"],[{"location":"C:\\Program Files (x86)\\Java\\jre1.8.0_31","type":"JRE","hints":{"EXECUTION_ENVIRONMENT":"JavaSE-1.8"}},"jre:jre:1.8.0"],[{"location":"C:\\Users\\adm-bgsstnv\\workspace\\AbvTests\\src\\libs\\selenium-java-2.44.0.jar","type":"JAR","hints":{}},"ABSENT"],[{"location":"C:\\Users\\adm-bgsstnv\\workspace\\AbvEmailsSending","type":"PROJECT","hints":{"PROJECT_NAME":"AbvEmailsSending"}},"ABSENT"]]